{
  "__createdwith": "opl's Model Creator",
  "ambientocclusion": false,
  "textures": {
      "kelp": "item/kelp",
      "glass": "block/glass",
      "iron": "block/iron_block",
      "gold": "block/gold_block"
  },
  "elements": [
      {
          "from": [2,10,-2],
          "to": [14,11,0],
          "faces": {
              "up": {
                  "uv": [5,4,15,6],
                  "texture": "#gold"
              },
              "down": {
                  "uv": [4,5,15,7],
                  "texture": "#gold"
              },
              "west": {
                  "uv": [5,8,7,9],
                  "texture": "#gold"
              },
              "east": {
                  "uv": [7,9,9,10],
                  "texture": "#gold"
              },
              "north": {
                  "uv": [4,5,15,6],
                  "texture": "#gold"
              },
              "south": {
                  "uv": [4,5,15,6],
                  "texture": "#gold"
              }
          }
      },
      {
          "from": [13,5,-2],
          "to": [14,10,0],
          "faces": {
              "down": {
                  "uv": [4,7,5,9],
                  "texture": "#gold"
              },
              "west": {
                  "uv": [4,5,6,10],
                  "texture": "#gold"
              },
              "east": {
                  "uv": [5,5,7,10],
                  "texture": "#gold"
              },
              "north": {
                  "uv": [5,5,6,10],
                  "texture": "#gold"
              },
              "south": {
                  "uv": [8,4,9,9],
                  "texture": "#gold"
              }
          }
      },
      {
          "from": [2,5,-2],
          "to": [3,10,0],
          "faces": {
              "down": {
                  "uv": [5,7,6,9],
                  "texture": "#gold"
              },
              "west": {
                  "uv": [7,4,9,9],
                  "texture": "#gold"
              },
              "east": {
                  "uv": [5,5,7,10],
                  "texture": "#gold"
              },
              "north": {
                  "uv": [4,5,5,10],
                  "texture": "#gold"
              },
              "south": {
                  "uv": [6,5,7,10],
                  "texture": "#gold"
              }
          }
      },
      {
          "from": [3,5,-2],
          "to": [7,6,0],
          "faces": {
              "up": {
                  "uv": [4,7,8,9],
                  "texture": "#gold"
              },
              "down": {
                  "uv": [5,5,9,7],
                  "texture": "#gold"
              },
              "west": {
                  "texture": "missingtexture"
              },
              "east": {
                  "uv": [6,9,8,10],
                  "texture": "#gold"
              },
              "north": {
                  "uv": [3,7,7,8],
                  "texture": "#gold"
              },
              "south": {
                  "texture": "#gold"
              }
          }
      },
      {
          "from": [9,5,-2],
          "to": [13,6,0],
          "faces": {
              "up": {
                  "uv": [4,7,8,9],
                  "texture": "#gold"
              },
              "down": {
                  "uv": [5,6,9,8],
                  "texture": "#gold"
              },
              "west": {
                  "uv": [5,7,7,8],
                  "texture": "#gold"
              },
              "east": {
                  "texture": "missingtexture"
              },
              "north": {
                  "uv": [3,7,7,8],
                  "texture": "#gold"
              },
              "south": {
                  "uv": [4,9,8,10],
                  "texture": "#gold"
              }
          }
      },
      {
          "from": [6,1,-4],
          "to": [10,5,0],
          "faces": {
              "up": {
                  "uv": [4,7,8,11],
                  "texture": "#gold"
              },
              "down": {
                  "uv": [3,7,7,11],
                  "texture": "#gold"
              },
              "west": {
                  "uv": [5,6,9,10],
                  "texture": "#gold"
              },
              "east": {
                  "uv": [4,6,8,10],
                  "texture": "#gold"
              },
              "north": {
                  "uv": [4,6,8,10],
                  "texture": "#gold"
              },
              "south": {
                  "uv": [3,8,7,12],
                  "texture": "#gold"
              }
          }
      },
      {
          "from": [3,5,-1],
          "to": [13,10,-1],
          "faces": {
              "north": {
                  "uv": [0,0,16,16],
                  "texture": "#glass"
              }
          }
      }
  ],

"display": {
  "thirdperson_righthand": {
    "translation": [0, 3.25, 7.5]
  },
  "gui": {
    "rotation": [0, -180, 0],
    "translation": [0.25, 1, 0]
  }
}
}