{
	"credit": "Made with Blockbench",
	"parent": "minecraft:block/cube_all",
	"textures": {
		"all": "block/deepslate_diamond_ore"
	},
	"elements": [
		{
			"from": [0, 0, 0],
			"to": [16, 16, 16],
			"faces": {
				"north": {"uv": [0, 0, 16, 16], "texture": "#all"},
				"east": {"uv": [0, 0, 16, 16], "texture": "#all"},
				"south": {"uv": [0, 0, 16, 16], "texture": "#all"},
				"west": {"uv": [0, 0, 16, 16], "texture": "#all"},
				"up": {"uv": [0, 0, 16, 16], "texture": "#all"},
				"down": {"uv": [0, 0, 16, 16], "texture": "#all"}
			}
		}
	],
	"groups": [
		{
			"name": "group",
			"origin": [8, 8, 8],
			"color": 0,
			"children": [0]
		}
	]
}