{
	"credit": "Made with Blockbench",
	"parent": "item/generated",
	"textures": {
		"layer0": "item/phantom_membrane"
	},
 	"overrides": [
		 {"predicate": {"custom_model_data":1}, "model": "item/sh/diamond_sword"},
		 {"predicate": {"custom_model_data":2}, "model": "item/sh/iron_axe"},
		 {"predicate": {"custom_model_data":3}, "model": "item/sh/stone_axe"},
		 {"predicate": {"custom_model_data":4}, "model": "item/sh/main/reapers_scythe"},
		 {"predicate": {"custom_model_data":5}, "model": "item/sh/trident"},
		 {"predicate": {"custom_model_data":6}, "model": "item/sh/bow"},
		 {"predicate": {"custom_model_data":7}, "model": "item/sh/main/dagger"},
		 {"predicate": {"custom_model_data":8}, "model": "item/sh/main/hamaxe"},
		 {"predicate": {"custom_model_data":9}, "model": "item/sh/carrot_on_a_stick"},
		 {"predicate": {"custom_model_data":10}, "model": "item/sh/main/boom_bow"},
		 {"predicate": {"custom_model_data":11}, "model": "item/sh/stick"},
		 {"predicate": {"custom_model_data":12}, "model": "item/sh/main/spleefer"},
		 {"predicate": {"custom_model_data":13}, "model": "item/sh/main/gauntlet"},
		 {"predicate": {"custom_model_data":14}, "model": "item/sh/crossbow"},
		 {"predicate": {"custom_model_data":15}, "model": "item/sh/main/explosive_wand"},
		 {"predicate": {"custom_model_data":16}, "model": "item/sh/main/staff_of_underworld"},
		 {"predicate": {"custom_model_data":17}, "model": "item/sh/crossbow_arrow"},
		 {"predicate": {"custom_model_data":18}, "model": "item/sh/main/dash_dagger"},
		 
		 {"predicate": {"custom_model_data":101}, "model": "item/sh/golden_apple"},
		 {"predicate": {"custom_model_data":102}, "model": "item/sh/potion"},
		 {"predicate": {"custom_model_data":103}, "model": "item/sh/splash_potion"},
		 {"predicate": {"custom_model_data":104}, "model": "item/sh/second/throwable_tnt"},
		 {"predicate": {"custom_model_data":105}, "model": "item/sh/crossbow"},
		 {"predicate": {"custom_model_data":106}, "model": "item/sh/egg"},
		 {"predicate": {"custom_model_data":107}, "model": "item/sh/second/zombie_piglin"},
		 {"predicate": {"custom_model_data":108}, "model": "item/sh/lingering_potion"},
		 {"predicate": {"custom_model_data":109}, "model": "item/sh/ender_eye"},
		 {"predicate": {"custom_model_data":110}, "model": "item/sh/second/creeper"},
		 {"predicate": {"custom_model_data":111}, "model": "item/sh/horse_spawn_egg"},
		 {"predicate": {"custom_model_data":112}, "model": "item/sh/second/wall"},
		 {"predicate": {"custom_model_data":113}, "model": "item/sh/second/creeper_strike"},
		 {"predicate": {"custom_model_data":114}, "model": "item/sh/diamond_pickaxe"},
		 {"predicate": {"custom_model_data":115}, "model": "item/sh/second/rift"},
		 {"predicate": {"custom_model_data":116}, "model": "item/sh/snowball"},
		 {"predicate": {"custom_model_data":117}, "model": "item/sh/lingering_potion"},
		 {"predicate": {"custom_model_data":118}, "model": "item/sh/second/meteor"},

		 {"predicate": {"custom_model_data":201}, "model": "item/sh/iron_helmet"},
		 {"predicate": {"custom_model_data":202}, "model": "item/sh/leather_helmet"},
		 {"predicate": {"custom_model_data":203}, "model": "item/sh/leather_helmet"},
		 {"predicate": {"custom_model_data":204}, "model": "item/sh/armor/player_head"},
		 {"predicate": {"custom_model_data":205}, "model": "item/sh/armor/scuba"},
		 {"predicate": {"custom_model_data":206}, "model": "item/sh/armor/player_head"},
		 {"predicate": {"custom_model_data":207}, "model": "item/sh/armor/player_head"},
		 {"predicate": {"custom_model_data":208}, "model": "item/sh/diamond_chestplate"},
		 {"predicate": {"custom_model_data":209}, "model": "item/sh/armor/player_head"},
		 {"predicate": {"custom_model_data":210}, "model": "item/sh/leather_helmet"},
		 {"predicate": {"custom_model_data":211}, "model": "item/sh/armor/player_head"},
		 {"predicate": {"custom_model_data":212}, "model": "item/sh/iron_chestplate"},
		 {"predicate": {"custom_model_data":213}, "model": "item/sh/armor/player_head"},
		 {"predicate": {"custom_model_data":214}, "model": "item/sh/armor/player_head"},
		 {"predicate": {"custom_model_data":215}, "model": "item/sh/leather_helmet"},
		 {"predicate": {"custom_model_data":216}, "model": "item/sh/leather_helmet"},
		 {"predicate": {"custom_model_data":217}, "model": "item/sh/leather_helmet"},
		 {"predicate": {"custom_model_data":218}, "model": "item/sh/armor/player_head"}

	]
}