{
	"credit": "Made with Blockbench",
	"parent": "item/handheld_rod",
	"textures": {
		"layer0": "item/carrot_on_a_stick"
	},
 	"overrides": [
		 {"predicate": {"custom_model_data":1}, "model": "item/icicle/team_spectator"},
		 {"predicate": {"custom_model_data":2}, "model": "item/icicle/team_yellow"},
		 {"predicate": {"custom_model_data":3}, "model": "item/icicle/team_green"},
		 {"predicate": {"custom_model_data":4}, "model": "item/icicle/team_red"},
		 {"predicate": {"custom_model_data":5}, "model": "item/icicle/team_blue"},
		 {"predicate": {"custom_model_data":6}, "model": "item/icicle/back_arrow"},
		 {"predicate": {"custom_model_data":11}, "model": "item/icicle/parkour_reset"},
		 {"predicate": {"custom_model_data":12}, "model": "item/icicle/parkour_stop"},
		 {"predicate": {"custom_model_data":13}, "model": "item/icicle/armor_ability"},
		 {"predicate": {"custom_model_data":101}, "model": "item/main/gauntlet"},
		 {"predicate": {"custom_model_data":102}, "model": "item/main/spleefer"},
		 {"predicate": {"custom_model_data":103}, "model": "item/second/creeper"},
		 {"predicate": {"custom_model_data":104}, "model": "item/second/creeper_strike"},
		 {"predicate": {"custom_model_data":105}, "model": "item/second/wall"},
		 {"predicate": {"custom_model_data":106}, "model": "item/second/zombie_piglin"},
		 {"predicate": {"custom_model_data":107}, "model": "item/second/ender_eye"},
		 {"predicate": {"custom_model_data":108}, "model": "item/main/explosive_wand"},
		 {"predicate": {"custom_model_data":109}, "model": "item/main/dash_dagger"},
		 {"predicate": {"custom_model_data":110}, "model": "item/second/rift"},
		 {"predicate": {"custom_model_data":111}, "model": "item/second/meteor"}

	]
}