{
	"credit": "Made with Blockbench",
	"parent": "item/generated",
	"textures": {
		"layer0": "item/phantom_membrane"
	},
 	"overrides": [
		 {"predicate": {"custom_model_data":1}, "model": "item/diamond_sword"},
		 {"predicate": {"custom_model_data":2}, "model": "item/iron_axe"},
		 {"predicate": {"custom_model_data":3}, "model": "item/stone_axe"},
		 {"predicate": {"custom_model_data":4}, "model": "item/main/reapers_scythe"},
		 {"predicate": {"custom_model_data":5}, "model": "item/trident"},
		 {"predicate": {"custom_model_data":6}, "model": "item/bow"},
		 {"predicate": {"custom_model_data":7}, "model": "item/main/dagger"},
		 {"predicate": {"custom_model_data":8}, "model": "item/main/hamaxe"},
		 {"predicate": {"custom_model_data":9}, "model": "item/carrot_on_a_stick"},
		 {"predicate": {"custom_model_data":10}, "model": "item/main/boom_bow"},
		 {"predicate": {"custom_model_data":11}, "model": "item/stick"},
		 {"predicate": {"custom_model_data":12}, "model": "item/main/spleefer"},
		 {"predicate": {"custom_model_data":13}, "model": "item/main/gauntlet"},
		 {"predicate": {"custom_model_data":14}, "model": "item/crossbow"},
		 {"predicate": {"custom_model_data":15}, "model": "item/main/explosive_wand"},
		 {"predicate": {"custom_model_data":16}, "model": "item/main/staff_of_underworld"},
		 {"predicate": {"custom_model_data":17}, "model": "item/crossbow"},
		 {"predicate": {"custom_model_data":18}, "model": "item/main/dash_dagger"},
		 
		 {"predicate": {"custom_model_data":101}, "model": "item/golden_apple"},
		 {"predicate": {"custom_model_data":102}, "model": "item/potion"},
		 {"predicate": {"custom_model_data":103}, "model": "item/splash_potion"},
		 {"predicate": {"custom_model_data":104}, "model": "item/second/throwable_tnt"},
		 {"predicate": {"custom_model_data":105}, "model": "item/crossbow"},
		 {"predicate": {"custom_model_data":106}, "model": "item/egg"},
		 {"predicate": {"custom_model_data":107}, "model": "item/second/zombie_piglin"},
		 {"predicate": {"custom_model_data":108}, "model": "item/lingering_potion"},
		 {"predicate": {"custom_model_data":109}, "model": "item/ender_eye"},
		 {"predicate": {"custom_model_data":110}, "model": "item/second/creeper"},
		 {"predicate": {"custom_model_data":111}, "model": "item/horse_spawn_egg"},
		 {"predicate": {"custom_model_data":112}, "model": "item/second/wall"},
		 {"predicate": {"custom_model_data":113}, "model": "item/second/creeper_strike"},
		 {"predicate": {"custom_model_data":114}, "model": "item/diamond_pickaxe"},
		 {"predicate": {"custom_model_data":115}, "model": "item/second/rift"},
		 {"predicate": {"custom_model_data":116}, "model": "item/snowball"},
		 {"predicate": {"custom_model_data":117}, "model": "item/lingering_potion"},
		 {"predicate": {"custom_model_data":118}, "model": "item/second/meteor"},

		 {"predicate": {"custom_model_data":201}, "model": "item/iron_helmet"},
		 {"predicate": {"custom_model_data":202}, "model": "item/leather_helmet"},
		 {"predicate": {"custom_model_data":203}, "model": "item/leather_helmet"},
		 {"predicate": {"custom_model_data":204}, "model": "item/creeper_head"},
		 {"predicate": {"custom_model_data":205}, "model": "item/armor/scuba"},
		 {"predicate": {"custom_model_data":206}, "model": "item/player_head"},
		 {"predicate": {"custom_model_data":207}, "model": "item/player_head"},
		 {"predicate": {"custom_model_data":208}, "model": "item/diamond_chestplate"},
		 {"predicate": {"custom_model_data":209}, "model": "item/player_head"},
		 {"predicate": {"custom_model_data":210}, "model": "item/leather_chestplate"},
		 {"predicate": {"custom_model_data":211}, "model": "item/player_head"},
		 {"predicate": {"custom_model_data":212}, "model": "item/iron_chestplate"},
		 {"predicate": {"custom_model_data":213}, "model": "item/player_head"},
		 {"predicate": {"custom_model_data":214}, "model": "item/dragon_head"},
		 {"predicate": {"custom_model_data":215}, "model": "item/player_head"},
		 {"predicate": {"custom_model_data":216}, "model": "item/leather_chestplate"},
		 {"predicate": {"custom_model_data":217}, "model": "item/leather_chestplate"},
		 {"predicate": {"custom_model_data":218}, "model": "item/player_head"}

	]
}