{
	"credit": "Made with Blockbench",
	"parent": "minecraft:block/orientable_vertical",
	"textures": {
		"2": "block/dropper_top",
		"3": "block/dropper_bottom",
		"front": "block/dropper_front_vertical",
		"particle": "block/dropper_top"
	},
	"elements": [
		{
			"from": [0, 0, 0],
			"to": [16, 16, 16],
			"faces": {
				"north": {"uv": [0, 0, 16, 16], "texture": "#2", "cullface": "north"},
				"east": {"uv": [16, 0, 0, 16], "texture": "#2", "cullface": "east"},
				"south": {"uv": [0, 0, 16, 16], "texture": "#2", "cullface": "south"},
				"west": {"uv": [0, 0, 16, 16], "texture": "#2", "cullface": "west"},
				"up": {"uv": [0, 16, 16, 0], "texture": "#front", "cullface": "up"},
				"down": {"uv": [0, 0, 16, 16], "texture": "#3", "cullface": "down"}
			}
		}
	]
}