{
	"credit": "Made with Blockbench",
	"textures": {
		"0": "item/main/gauntlet",
		"1": "item/main/gauntlet_2",
		"particle": "item/main/gauntlet"
	},
	"elements": [
		{
			"from": [5.5, 0, 5.5],
			"to": [10.5, 1, 10.5],
			"faces": {
				"north": {"uv": [0.25, 0.25, 0.75, 0.75], "texture": "#1"},
				"east": {"uv": [1.25, 0.25, 1.75, 0.75], "texture": "#1"},
				"south": {"uv": [2.25, 0.25, 2.75, 0.75], "texture": "#1"},
				"west": {"uv": [3.25, 0.25, 3.75, 0.75], "texture": "#1"},
				"up": {"uv": [4.25, 0.25, 4.75, 0.75], "texture": "#1"},
				"down": {"uv": [5.25, 0.25, 5.75, 0.75], "texture": "#1"}
			}
		},
		{
			"from": [5.5, 2, 5.5],
			"to": [10.5, 6, 10.5],
			"faces": {
				"north": {"uv": [1, 6, 6, 11], "texture": "#0"},
				"east": {"uv": [6, 11, 11, 16], "texture": "#0"},
				"south": {"uv": [11, 6, 16, 11], "texture": "#0"},
				"west": {"uv": [6, 1, 11, 6], "texture": "#0"},
				"up": {"uv": [6, 6, 11, 11], "texture": "#0"},
				"down": {"uv": [0, 11, 5, 16], "texture": "#0"}
			}
		},
		{
			"from": [6.5, 1, 6.5],
			"to": [9.5, 2, 9.5],
			"faces": {
				"north": {"uv": [0, 0, 3, 1], "texture": "#1"},
				"east": {"uv": [0, 0, 3, 1], "texture": "#1"},
				"south": {"uv": [0, 0, 3, 1], "texture": "#1"},
				"west": {"uv": [0, 0, 3, 1], "texture": "#1"},
				"up": {"uv": [0, 0, 3, 3], "texture": "#1"},
				"down": {"uv": [0, 0, 3, 3], "texture": "#1"}
			}
		}
	],
	"display": {
		"thirdperson_righthand": {
			"rotation": [-90, 0, 0],
			"translation": [0, -2, -5]
		},
		"thirdperson_lefthand": {
			"rotation": [-90, 0, 0],
			"translation": [0, -2, -5]
		},
		"firstperson_righthand": {
			"rotation": [0, -90, 55],
			"translation": [0, 5.5, -0.25],
			"scale": [0.85, 0.85, 0.85]
		},
		"firstperson_lefthand": {
			"rotation": [0, 90, -55],
			"translation": [0, 5.5, -0.25],
			"scale": [0.85, 0.85, 0.85]
		},
		"gui": {
			"rotation": [30, -135, 0],
			"translation": [0, 7.75, 0],
			"scale": [1.8, 1.8, 1.8]
		}
	}
}