{
	"credit": "Made with Blockbench",
	"parent": "item/handheld",
	"textures": {
		"layer0": "item/main/staff_of_underworld"
	},
	"display": {
		"thirdperson_righthand": {
			"rotation": [0, 90, 48],
			"translation": [0, 3.75, 1.75],
			"scale": [1.25, 1.25, 1]
		},
		"firstperson_righthand": {
			"rotation": [-12, -90, 25],
			"translation": [1.13, 3.2, 1.13],
			"scale": [0.79, 0.87, 0.68]
		},
		"firstperson_lefthand": {
			"rotation": [78, -90, 25],
			"translation": [1.13, 3.2, 1.13],
			"scale": [0.79, 0.87, 0.68]
		}
	}
}