{
	"credit": "Made with Blockbench",
	"ambientocclusion": false,
	"textures": {
		"5": "block/hopper_inside2_on",
		"6": "block/hopper_other1",
		"8": "block/hopper_outside_on",
		"top": "block/hopper_top"
	},
	"elements": [
		{
			"from": [0, 10, 0],
			"to": [16, 11, 16],
			"faces": {
				"north": {"uv": [0, 5, 16, 6], "texture": "#8", "cullface": "north"},
				"east": {"uv": [0, 5, 16, 6], "texture": "#6", "cullface": "east"},
				"south": {"uv": [0, 5, 16, 6], "texture": "#8", "cullface": "south"},
				"west": {"uv": [0, 5, 16, 6], "texture": "#8", "cullface": "west"},
				"up": {"uv": [0, 0, 16, 16], "texture": "#5", "cullface": "up"},
				"down": {"uv": [0, 0, 16, 16], "rotation": 180, "texture": "#5"}
			}
		},
		{
			"from": [0, 11, 0],
			"to": [2, 16, 16],
			"faces": {
				"north": {"uv": [14, 0, 16, 5], "texture": "#8", "cullface": "north"},
				"east": {"uv": [0, 0, 16, 5], "texture": "#8", "cullface": "up"},
				"south": {"uv": [0, 0, 2, 5], "texture": "#8", "cullface": "south"},
				"west": {"uv": [0, 8, 16, 13], "texture": "#6", "cullface": "west"},
				"up": {"uv": [0, 0, 2, 16], "texture": "#top", "cullface": "up"}
			}
		},
		{
			"from": [14, 11, 0],
			"to": [16, 16, 16],
			"faces": {
				"north": {"uv": [0, 0, 2, 5], "texture": "#8", "cullface": "north"},
				"east": {"uv": [16, 8, 0, 13], "texture": "#6", "cullface": "east"},
				"south": {"uv": [14, 0, 16, 5], "texture": "#8", "cullface": "south"},
				"west": {"uv": [0, 0, 16, 5], "texture": "#8", "cullface": "up"},
				"up": {"uv": [14, 0, 16, 16], "texture": "#top", "cullface": "up"}
			}
		},
		{
			"from": [2, 11, 0],
			"to": [14, 16, 2],
			"faces": {
				"north": {"uv": [2, 0, 14, 5], "texture": "#8", "cullface": "north"},
				"south": {"uv": [2, 0, 14, 5], "texture": "#8", "cullface": "up"},
				"up": {"uv": [2, 0, 14, 2], "texture": "#top", "cullface": "up"}
			}
		},
		{
			"from": [4, 4, 4],
			"to": [12, 10, 12],
			"faces": {
				"north": {"uv": [8, 7, 16, 13], "texture": "#8"},
				"east": {"uv": [8, 7, 16, 13], "texture": "#8"},
				"south": {"uv": [8, 7, 16, 13], "texture": "#8"},
				"west": {"uv": [8, 7, 16, 13], "texture": "#8"},
				"down": {"uv": [8, 6, 16, 14], "texture": "#8"}
			}
		},
		{
			"from": [2, 11, 14],
			"to": [14, 16, 16],
			"faces": {
				"north": {"uv": [2, 0, 14, 5], "texture": "#8", "cullface": "up"},
				"south": {"uv": [2, 0, 14, 5], "texture": "#8", "cullface": "south"},
				"up": {"uv": [2, 14, 14, 16], "texture": "#top", "cullface": "up"}
			}
		},
		{
			"from": [6, 4, 0],
			"to": [10, 8, 4],
			"faces": {
				"north": {"uv": [0, 12, 4, 16], "texture": "#8", "cullface": "north"},
				"east": {"uv": [4, 12, 8, 16], "rotation": 90, "texture": "#8"},
				"west": {"uv": [4, 12, 8, 16], "rotation": 270, "texture": "#8"},
				"up": {"uv": [4, 12, 8, 16], "texture": "#8"},
				"down": {"uv": [4, 12, 8, 16], "rotation": 180, "texture": "#8"}
			}
		}
	]
}